ac_number,constituency,winner_candidate,winner_party,winner_votes,turnout,reserved,region,runnerup_candidate,runnerup_party,runnerup_votes,margin,total_votes,winner_vote_share
1,Gummidipoondi,S.VIJAYAKUMAR,TVK,94320,,GEN,Chennai Metro,SUDHAKAR.V,AIADMK,66375,27945,232522,40.563903630624196
2,Ponneri,DR.RAVI.M.S,TVK,110439,,SC,Chennai Metro,DURAI CHANDRASEKAR,INC,54671,55768,226819,48.690365445575544
3,Tiruttani,G.HARI,AIADMK,89169,,GEN,Chennai Metro,M.SATHYA KUMAR,TVK,83376,5793,238798,37.34076499803181
4,Thiruvallur,DR. T. ARUNKUMAR,TVK,92190,,GEN,Chennai Metro,V.G. RAAJENDRAN,DMK,67430,24760,226428,40.71492924903281
5,Poonamallee,PRAKASAM.R,TVK,161309,,SC,Chennai Metro,KRISHNASWAMY.A,DMK,88569,72740,308894,52.22147403316348
6,Avadi,R.RAMESH KUMAR,TVK,180384,,GEN,Chennai Metro,S.M.NASAR,DMK,104073,76311,346005,52.1333506741232
7,Maduravoyal,RHEVANTH CHARAN,TVK,141725,,GEN,Chennai Metro,GANAPATHY. K,DMK,80216,61509,293692,48.25633657028451
8,Ambattur,BALAMURUGAN.G,TVK,133339,,GEN,Chennai Metro,DR A.P. POORNIMA,DMK,74558,58781,259986,51.286992376512586
9,Madavaram,M.L.VIJAYPRABHU,TVK,190462,,GEN,Chennai Metro,S.SUDHARSANAM,DMK,95477,94985,361998,52.614102840347186
10,Thiruvottiyur,SENTHIL KUMAR. N,TVK,110067,,GEN,Chennai Metro,SUNDARARAJ. L,CPI(M),56503,53564,207088,53.149868654871355
11,Dr.Radhakrishnan Nagar,N. MARIE WILSON,TVK,97800,,GEN,Chennai Metro,J. JOHN EBENEZER,DMK,48132,49668,181206,53.971722790636065
12,Perambur,C. JOSEPH VIJAY,TVK,120365,,GEN,Chennai Metro,R.D. SHEKAR,DMK,66650,53715,204384,58.891596211053695
13,Kolathur,V. S. BABU,TVK,82997,,GEN,Chennai Metro,M. K. STALIN,DMK,74202,8795,184051,45.09456618002619
14,Villivakkam,AADHAV ARJUNA,TVK,66445,,GEN,Chennai Metro,KARTHIK MOHAN,DMK,49143,17302,141452,46.97353165738201
15,Thiru-Vi-Ka-Nagar,M. R. PALLAVI,TVK,69125,,SC,Chennai Metro,K. S. RAVICHANDRAN,DMK,46792,22333,143903,48.03582969083341
16,Egmore,RAJMOHAN,TVK,53901,,SC,Chennai Metro,TAMILAN PRASANNA,DMK,43097,10804,119738,45.01578446274366
17,Royapuram,K.V. VIJAY DAMU,TVK,59091,,GEN,Chennai Metro,DR. A. SUBAIR KHAN,DMK,44842,14249,127356,46.39828512202017
18,Harbour,P K SEKARBABU,DMK,45254,,GEN,Chennai Metro,SINORA P S ASHOK,TVK,33504,11750,99622,45.42570918070305
19,Chepauk-Thiruvallikeni,UDHAYANIDHI STALIN,DMK,62992,,GEN,Chennai Metro,SELVAM. D,TVK,55852,7140,140741,44.757391236384564
20,Thousand Lights,PRABHAKAR.J.C.D,TVK,58965,,GEN,Chennai Metro,EZHILAN NAGANATHAN,DMK,43824,15141,131824,44.73009467168346
21,Anna Nagar,V.K.RAMKUMAR,TVK,71375,,GEN,Chennai Metro,N.CHITRARASU,DMK,50012,21363,163339,43.69746355738678
22,Virugampakkam,SABARINATHAN.R,TVK,76092,,GEN,Chennai Metro,PRABHAKARA RAJA.A.M.V,DMK,49006,27086,172831,44.02682389154723
23,Saidapet,ARUL PRAKASAM. M,TVK,81205,,GEN,Chennai Metro,SUBRAMANIAN. MA,DMK,52691,28514,160401,50.62624297853505
24,Thiyagarayanagar,ANAND N,TVK,51632,,GEN,Chennai Metro,SATHIYANARAYANAN B,AIADMK,38605,13027,133928,38.55205782211337
25,Mylapore,VENKATARAMANAN. P,TVK,70070,,GEN,Chennai Metro,VELU. DHA,DMK,41098,28972,150594,46.52907818372578
26,Velachery,KUMAR. R,TVK,80430,,GEN,Chennai Metro,ASHOK. M.K,AIADMK,47125,33305,184815,43.51919487054622
27,Shozhinganallur,ECR P SARAVANAN,TVK,220382,,GEN,Chennai Metro,S. ARAVIND RAMESH,DMK,123602,96780,447295,49.269944890955635
28,Alandur,M.HARISH,TVK,112205,,GEN,Chennai Metro,T.M.ANBARASAN,DMK,82596,29609,261570,42.896738922659324
29,Sriperumbudur,THENNARASU.K,TVK,147611,,SC,Chennai Metro,K. SELVAPERUNTHAGAI,INC,93365,54246,331088,44.583615232204124
30,Pallavaram,J.KAMATCHI,TVK,133611,,GEN,Chennai Metro,D.MURUGESAN,DMDK,78918,54693,283677,47.099694370710345
31,Tambaram,D.SARATHKUMAR,TVK,118967,,GEN,Chennai Metro,R.S.KIRUTHIKA DEVI,DMK,83346,35621,278809,42.66971295761615
32,Chengalpattu,S. THIYAGARAJAN,TVK,137136,,GEN,Chennai Metro,KARTHIKDHANDAPANI,DMK,101495,35641,324010,42.32461961050585
33,Thiruporur,B.VIJAYARAJ,TVK,110095,,GEN,North,R. PANNEERDOSS,VCK,70744,39351,262409,41.9554969532295
34,Cheyyur,RAJASEKAR. E,AIADMK,63809,,SC,North,MOHAN RAJA.M.G.K,TVK,58141,5668,187584,34.0162273967929
35,Madurantakam,MARAGATHAM KUMARAVEL.K,AIADMK,69284,,SC,North,EZHIL KATHARINE EZHILMALAI,TVK,62090,7194,198251,34.94761690987687
36,Uthiramerur,MUNIRATHINAM.J,TVK,84917,,GEN,North,SUNDAR.K,DMK,70694,14223,227765,37.28272561631506
37,Kancheepuram,R.V. RANJITHKUMAR,TVK,91350,,GEN,North,V. SOMASUNDARAM,AIADMK,75862,15488,246317,37.0863561995315
38,Arakkonam,V. GANDHIRAJ,TVK,73776,,SC,North,EZHIL CAROLINE,VCK,50655,23121,182340,40.46067785455742
39,Sholingur,G.KAPIL,TVK,84506,,GEN,North,K.SARAVANAN,PMK,78820,5686,233684,36.16251005631537
40,Katpadi,DR M SUDHAKAR,TVK,69868,,GEN,North,V. RAMU,AIADMK,63998,5870,203497,34.333675680722564
41,Ranipet,THAHIRA,TVK,91149,,GEN,North,R. GANDHI,DMK,85362,5787,221038,41.23680091206037
42,Arcot,S.M.SUKUMAR,AIADMK,105608,,GEN,North,G.VIJAY MOHAN,TVK,62888,42720,225786,46.77349348498135
43,Vellore,M.M.VINOTH KANNAN,TVK,73032,,GEN,North,P.KARTHIKEYAN,DMK,66255,6777,190527,38.33157505235478
44,Anaikattu,D.VELAZHAGAN,AIADMK,76302,,GEN,North,A.P.NANDAKUMAR,DMK,69221,7081,216318,35.27307020220231
45,Kilvaithinankuppam,THENRAL KUMAR. E,TVK,74305,,SC,North,JEGAN MOORTHY. M,AIADMK,54050,20255,189892,39.13013713057949
46,Gudiyattam,K.SINDU,TVK,82858,,SC,North,K.B.PRADAP,DMDK,72761,10097,229076,36.17052855820776
47,Vaniyambadi,SYED FAROOQ BASHA SSB,IUML,73181,,GEN,North,SYED BHURHANUDEEN,TVK,70199,2982,212534,34.43260842971007
48,Ambur,VILWANATHAN. A.C.,DMK,74102,,GEN,North,IMTHIYAZ PANDARATTUDU ABDU,TVK,66971,7131,195584,37.887557264397905
49,Jolarpet,VEERAMANI K.C.,AIADMK,78633,,GEN,North,MUNISAMY C,TVK,62550,16083,213042,36.90962345453009
50,Tiruppattur,DR.THIRUPATHI. N,TVK,105098,,GEN,North,NALLATHAMBI. A,DMK,56835,48263,202925,51.791548601700136
51,Uthangarai,N ELAIYARAJA,TVK,70201,,SC,North,T M  TAMILSELVAM,AIADMK,65003,5198,205530,34.15608426993626
52,Bargur,E.C. GOVINDARASAN,AIADMK,71240,,GEN,North,E. MURALIDHARAN,TVK,66999,4241,213960,33.2959431669471
53,Krishnagiri,MUKUNDHAN.P,TVK,89374,,GEN,North,ASHOKKUMAR.K,AIADMK,70530,18844,230181,38.82770515377029
54,Veppanahalli,SRINIVASAN.P.S,DMK,74691,,GEN,North,MUNUSAMY.K.P,AIADMK,74553,138,222608,33.552702508445336
55,Hosur,BALAKRISHNAREDDY. P,AIADMK,109867,,GEN,North,VENDARKARASAN.S,TVK,82064,27803,277770,39.55322749036973
56,Thalli,RAMACHANDRAN. T,CPI,78283,,GEN,North,DR.NAGESH KUMAR. C,BJP,73043,5240,205878,38.02397536405056
57,Palacodu,ANBALAGAN. K.P.,AIADMK,102807,,GEN,North,GOPI. R.,TVK,63765,39042,225257,45.63986912726353
58,Pennagaram,GAJENDRAN. S.,TVK,81240,,GEN,North,SELVAM. V.,PMK,78075,3165,228666,35.527800372595834
59,Dharmapuri,SOWMIYA ANBUMANI,PMK,93713,,GEN,North,SIVAN. M.,TVK,72817,20896,238579,39.27965160387125
60,Pappireddipatti,MARAGATHAM VETRIVEL,AIADMK,101829,,GEN,North,PALANIAPPAN. P,DMK,68715,33114,236621,43.03464189568973
61,Harur,SAMPATHKUMAR. V,AIADMK,75523,,SC,North,SHANMUGAM. A,DMK,72194,3329,220042,34.322083965788345
62,Chengam,S.VELU,AIADMK,87802,,SC,North,K BHARATHIDHASAN,TVK,74524,13278,242897,36.14783220871398
63,Tiruvannamalai,VELU. E.V,DMK,88273,,GEN,North,ARUL ARUMUGAM,TVK,85818,2455,220066,40.112057291903334
64,Kilpennathur,RAMACHANDRAN.S,AIADMK,90503,,GEN,North,PITCHANDI.K,DMK,60038,30465,219790,41.17703262204832
65,Kalasapakkam,AGRI KRISHNAMURTHY. S S,AIADMK,89629,,GEN,North,SARAVANAN. P.S.T,DMK,62889,26740,214127,41.85786939526543
66,Polur,ABISHEK. R,TVK,67961,,GEN,North,SARAVANAN. P,DMDK,67734,227,211743,32.095984282833435
67,Arani,JAYASUDHA. L,AIADMK,76735,,GEN,North,MAHALAKSHMI GOVARTHANAN,DMK,71104,5631,230162,33.33956083106681
68,Cheyyar,MUKKUR N. SUBRAMANIAN,AIADMK,86680,,GEN,North,DUSI K MOHAN,TVK,65599,21081,222570,38.945050995192524
69,Vandavasi,AMBETHKUMAR. S,DMK,63805,,SC,North,RANI. P,AIADMK,60472,3333,191204,33.37011777996276
70,Gingee,GANESHKUMAR A,PMK,78201,,GEN,Central,GINGEE MASTHAN K S,DMK,65556,12645,216652,36.09521259900671
71,Mailam,SHANMUGAM C VE,AIADMK,82353,,GEN,Central,VIJAY NIRANJAN A,TVK,52312,30041,189221,43.52212492270942
72,Tindivanam,VANNI ARASU,VCK,63833,,SC,Central,ARJUNAN. P,AIADMK,63099,734,196026,32.563537489924805
73,Vanur,GOWTHAM D,DMK,68873,,SC,Central,SURESH P,TVK,61839,7034,192119,35.849135171430206
74,Viluppuram,LAKSHMANAN R,DMK,72982,,GEN,Central,MOHANRAJ N,TVK,68863,4119,215422,33.87861963959113
75,Vikravandi,SIVAKUMAR C,PMK,69727,,GEN,Central,VIJAI VADIVEL A,TVK,68817,910,209231,33.325367655844495
76,Tirukkoyilur,PALANISAMY S,AIADMK,73033,,GEN,Central,VIJAY R BARANIBALAAJI,TVK,72748,285,217318,33.60651211588548
77,Ulundurpettai,VASANTHAVEL G R,DMK,98471,,GEN,Central,KUMARAGURU R,AIADMK,96194,2277,271002,36.33589420004281
78,Rishivandiyam,KARTHIKEYAN K,DMK,89711,,GEN,Central,ASHOK KUMAR G,TVK,84849,4862,244795,36.64739884393063
79,Sankarapuram,RAKESH R,AIADMK,80250,,GEN,Central,UDHAYASURIYAN T,DMK,76810,3440,235528,34.07238205224007
80,Kallakurichi,ARUL VIGNESH C,TVK,81132,,SC,Central,RAJEEVGANDHI S,AIADMK,80334,798,249626,32.50142212750274
81,Gangavalli,NALLATHAMBI. A,AIADMK,73167,,SC,Central,CHINNADURAI. K,DMK,58763,14404,196679,37.20122636377041
82,Attur,JAYASANKARAN. A.P.,AIADMK,80843,,SC,Central,SELVABHARATHI. R.,TVK,65525,15318,208296,38.811595037830784
83,Yercaud,USHARANI. P,AIADMK,87772,,ST,Central,LAKSHMI JANARTHANAN. J,TVK,85583,2189,253592,34.61150194012429
84,Omalur,MANI. R,AIADMK,112246,,GEN,Central,ADHIYAMAAN. R.V,TVK,97707,14539,271119,41.401008413279776
85,Mettur,VENKATACHALAM. G,AIADMK,86498,,GEN,Central,MIDHUN CHAKRAVARTHY. M,DMK,67393,19105,231105,37.428008913697234
86,Edappadi,EDAPPADI PALANISWAMI. K,AIADMK,148933,,GEN,Central,PREMKUMAR. K,IND,50823,98110,258263,57.667184226931454
87,Sankari,VETRIVEL. S,AIADMK,87342,,GEN,Central,SENTHILKUMAR. K,TVK,77825,9517,243779,35.82835272931631
88,Salem (West),LAKSHMANAN.S,TVK,120407,,GEN,Central,KARTHE.M,PMK,45540,74867,234407,51.366640074741795
89,Salem (North),SIVAKUMAR. K,TVK,85710,,GEN,Central,RAJENDRAN. R,DMK,71676,14034,210712,40.67637343862713
90,Salem (South),VIJAY TAMILAN PARTHIBAN. A,TVK,91371,,GEN,Central,LOGANATHAN. M,DMK,58002,33369,207902,43.949072158997986
91,Veerapandi,PALANIVEL. M.S,TVK,79907,,GEN,Central,SRI BALAJI SUGUMAR. S,AIADMK,75836,4071,235875,33.876841547429784
92,Rasipuram,LOGESH TAMILSELVAN D,TVK,74808,,SC,Central,PREMKUMAR S D,BJP,60297,14511,204680,36.54875903849912
93,Senthamangalam,P CHANDRASEKAR,TVK,68815,,ST,Central,C CHANDRASEKARAN,AIADMK,66160,2655,209687,32.81796201004354
94,Namakkal,DILIP C S,TVK,79744,,GEN,Central,SRIDEVI MOHAN P S,AIADMK,68736,11008,212283,37.56494867700192
95,Paramathi-Velur,SEKAR S,AIADMK,61349,,GEN,Central,MOORTHIY K S,DMK,61041,308,188845,32.48643067065583
96,Tiruchengodu,ARUNRAJ K G,TVK,79500,,GEN,Central,SRMT SEKAR (A) CHANDRASEKAR R,AIADMK,51328,28172,191122,41.59646717803288
97,Kumarapalayam,C.VIJAYALAKSHMI,TVK,81179,,GEN,Central,P.THANGAMANI,AIADMK,73483,7696,205324,39.537024410200466
98,Erode (East),M.VIJAY BALAJI,TVK,69747,,GEN,Kongu,GOPINATH PALANIYAPPAN,INC,45781,23966,162453,42.93364850141272
99,Erode (West),ANANTH MOGHAN K.K.,TVK,96836,,GEN,Kongu,S. MUTHUSAMY,DMK,74586,22250,221400,43.73803071364047
100,Modakkurichi,D.SHANMUGAN,TVK,60715,,GEN,Kongu,S.KIRTHIKA,BJP,58285,2430,190759,31.82811820150032
101,Dharapuram,SATHYABAMA.P,AIADMK,81100,,SC,Kongu,INDIRANI.T,DMK,64373,16727,199944,40.561357180010404
102,Kangayam,NSN NATARAJ,AIADMK,71122,,GEN,Kongu,MANI GOUNDER,TVK,62989,8133,203534,34.943547515402834
103,Perundurai,JAYAKUMAR. S,AIADMK,70302,,GEN,Kongu,THOPPU VENKATACHALAM (ALIAS) N.D. VENKATACHALAM,DMK,60609,9693,200686,35.03084420437898
104,Bhavani,KARUPPANAN. K.C,AIADMK,75577,,GEN,Kongu,BALAKRISHNAN,TVK,68181,7396,208323,36.27875942646755
105,Anthiyur,HARIBASKAR.P,AIADMK,60042,,GEN,Kongu,SIVABALAN.M,DMK,58782,1260,185775,32.31974162293096
106,Gobichettipalayam,SENGOTTAIYAN.K.A,TVK,82612,,GEN,Kongu,NALLASIVAM.N,DMK,65992,16620,219727,37.59756425018318
107,Bhavanisagar,V.P.TAMILSELVI,TVK,72391,,SC,Kongu,A.BANNARI,AIADMK,67822,4569,214595,33.73377758102472
108,Udhagamandalam,BHOJARAJAN.M,BJP,48488,,GEN,Kongu,IBRAHIM.R,TVK,47512,976,148704,32.60705831719389
109,Gudalur,DHRAVIDAMANI.M,DMK,65590,,SC,Kongu,PON.JAYASEELAN,AIADMK,42757,22833,151241,43.36786982365893
110,Coonoor,M. RAJU,DMK,50470,,GEN,Kongu,A. RAMU,AIADMK,42371,8099,141394,35.694583928596685
111,Mettuppalayam,SUNILANAND,TVK,75664,,GEN,Kongu,SMT.KAVITHA KALYANASUNDARAM,DMK,67896,7768,244319,30.969347451487607
112,Avanashi,KAMALI.S,TVK,84209,,SC,Kongu,DR. L. MURUGAN,BJP,68836,15373,231600,36.35967184801382
113,Tiruppur (North),V.SATHYABAMA,TVK,131401,,GEN,Kongu,M.S.M.ANANDAN,AIADMK,61409,69992,263457,49.8756912892806
114,Tiruppur (South),BALAMURUGAN. S,TVK,73793,,GEN,Kongu,DINESHKUMAR. N,DMK,60892,12901,179814,41.03851757927636
115,Palladam,K.RAMKUMAR,TVK,121297,,GEN,Kongu,K.P.PARAMASIVAM,AIADMK,83400,37897,301014,40.29613240580172
116,Sulur,NM.SUKUMAR,TVK,90531,,GEN,Kongu,V.P.KANDASAMY,AIADMK,85741,4790,273544,33.09558974059018
117,Kavundampalayam,KANIMOZHI SANTHOSH,TVK,146466,,GEN,Kongu,ARUNKUMAR PRG,AIADMK,104326,42140,363991,40.23890700594245
118,Coimbatore (North),V. SAMPATHKUMAR,TVK,92500,,GEN,Kongu,DURAI. SENTHAMIL SELVAN B.E,DMK,70508,21992,226109,40.909472864857214
119,Thondamuthur,S.P.VELUMANI,AIADMK,93316,,GEN,Kongu,SATHISH RAJU (ALIAS) K.P.R. SATHISH,TVK,78591,14725,258549,36.092191422128884
120,Coimbatore (South),V SENTHILBALAJI,DMK,59724,,GEN,Kongu,V. SENTHILKUMAR,TVK,57453,2271,156499,38.16254416961131
121,Singanallur,K.S.SRI GIRI PRASATH,TVK,84163,,GEN,Kongu,V.SRINIDHI,INC,65024,19139,221033,38.07711970610723
122,Kinathukadavu,VIGNESH K,TVK,99950,,GEN,Kongu,SABARI KARTHIKEYAN K.V.K.S,DMK,88240,11710,267917,37.306329945468185
123,Pollachi,K. NITHYANANDHAN,DMK,62013,,GEN,Kongu,POLLACHI V. JAYARAMAN,AIADMK,57386,4627,181196,34.2242654363231
124,Valparai,KUTTY (ALIAS) SUDHAKAR. A,DMK,54671,,SC,Kongu,DR. SRIDHARAN. A,TVK,45300,9371,150431,36.342908044219605
125,Udumalaipettai,JAYAKUMAR M.,DMK,68549,,GEN,Kongu,RADHAKRISHNAN K.,AIADMK,65667,2882,203575,33.67260223504851
126,Madathukulam,R JAYARAMAKRISHNAN,DMK,70458,,GEN,Kongu,C SHANMUGAVELU,AMMK,54490,15968,188249,37.428087267395846
127,Palani,RAVIMANOHARAN. K,AIADMK,66986,,GEN,South,DR. PRAVEEN KUMAR. M,TVK,66293,693,208619,32.109251793940146
128,Oddanchatram,SAKKARAPANI. R,DMK,93099,,GEN,South,VIDIYAL S. SEKAR,BJP,49850,43249,201624,46.174562552077134
129,Athoor,I. PERIASAMY,DMK,106240,,GEN,South,N. KALAISELVI,TVK,83872,22368,237183,44.79241766905723
130,Nilakkottai,AYYANAR.R,TVK,68580,,SC,South,NAGAJOTHI.S,DMK,65655,2925,197593,34.707707256836024
131,Natham,NATHAM VISWANATHAN R,AIADMK,85708,,GEN,South,SELVAKUMAR K,DMK,73839,11869,239140,35.840093668980515
132,Dindigul,SENTHILKUMAR. I.P,DMK,74489,,GEN,South,NAZEER RAJA. G,TVK,73358,1131,212024,35.132343508282084
133,Vedasandur,SAMINATHAN. T,DMK,84948,,GEN,South,PARAMASIVAM. V.P.B.,AIADMK,74885,10063,226554,37.49569639026457
134,Aravakurichi,ELANGO. R,DMK,70827,,GEN,Kongu,KARTHIKEYAN. P,TVK,51445,19382,181078,39.11408343365842
135,Karur,M.R. VIJAYABHASKAR,AIADMK,71542,,GEN,Kongu,MATHIYALAGAN  V.P,TVK,69721,1821,216829,32.994663997896964
136,Krishnarayapuram,SATHYA. M,TVK,62378,,SC,Kongu,DR. DHIVYA. S,AIADMK,58875,3503,189357,32.9420090094372
137,Kulithalai,SURIYANUR. A. CHANDRAN,DMK,68138,,GEN,Kongu,G.BALASUBRAMANI,TVK,67559,579,209091,32.58772496185871
138,Manapparai,R. KATHIRAVAN,TVK,83041,,GEN,Delta,DR. PL. VIJAYAKUMAR,AIADMK,81615,1426,241216,34.42599164234545
139,Srirangam,RAMESH,TVK,103235,,GEN,Delta,S. DURAIRAJ,DMK,69645,33590,254985,40.48669529580171
140,Tiruchirappalli (West),K.N.NEHRU,DMK,88235,,GEN,Delta,G.RAMAMOORTHI,TVK,83449,4786,196347,44.9382980132113
141,Tiruchirappalli (East),C. JOSEPH VIJAY,TVK,91381,,GEN,Delta,S. INIGO IRUDAYARAJ,DMK,63965,27416,182493,50.07370145704218
142,Thiruverumbur,VIJAYAKUMAR (A) NAVALPATTU S. VIJI,TVK,89837,,GEN,Delta,ANBIL MAHESH POYYAMOZHI,DMK,81132,8705,213583,42.06186821984896
143,Lalgudi,LEEMAROSE MARTIN,AIADMK,60795,,GEN,Delta,KU PA KRISHNAN,TVK,58056,2739,185213,32.824369779659094
144,Manachanallur,KATHIRAVAN. S,DMK,81447,,GEN,Delta,V.SARAVANAN,TVK,69083,12364,209780,38.824959481361425
145,Musiri,M.VIGNESH,TVK,71281,,GEN,Delta,N.S.KARUNAIRAAJA,DMK,53839,17442,189141,37.68669934070349
146,Thuraiyur,RAVISANKAR.M,TVK,66263,,SC,Delta,E.SAROJA,AIADMK,56649,9614,184426,35.92931582314858
147,Perambalur,SIVAKUMAR. K,TVK,90882,,SC,Central,DR. JAYALAKSHMI. S.T,DMK,76489,14393,253654,35.829121559289426
148,Kunnam,SIVASANKAR. S.S,DMK,87237,,GEN,Central,SARANYA. A,AIADMK,71680,15557,230570,37.83536453137876
149,Ariyalur,RAJENDRAN S,AIADMK,95219,,GEN,Central,LATHA BALU,DMK,70721,24498,235858,40.371325119351475
150,Jayankondam,VAITHILINGAM G.,PMK,88992,,GEN,Central,KANNAN KA.SO.KA.,DMK,70502,18490,228548,38.93799114409227
151,Tittakudi,GANESAN C.V,DMK,63106,,SC,Central,RAJASEKAR A,TVK,60477,2629,175754,35.90586842973702
152,Vriddhachalam,PREMALLATHA VIJAYAKANT,DMDK,69351,,GEN,Central,VIJAY.S,TVK,66964,2387,209186,33.15279225187154
153,Neyveli,RAJENDRAN.R,AIADMK,63731,,GEN,Central,SABA.RAJENDRAN,DMK,52769,10962,168780,37.75980566417822
154,Panruti,MOHAN. K,AIADMK,78398,,GEN,Central,ABDUR RAHMAN. A.R,VCK,67735,10663,210767,37.19652507271062
155,Cuddalore,B.RAJKUMAR,TVK,70856,,GEN,Central,A.S.CHANDARASEKARAN,INC,55337,15519,190378,37.21858618117639
156,Kurinjipadi,M.R.K.PANNEERSELVAM,DMK,76695,,GEN,Central,A  BHUVANENTHIRAN,AIADMK,69106,7589,213965,35.844647489075314
157,Bhuvanagiri,ARUNMOZHITHEVAN . A,AIADMK,75707,,GEN,Central,SARAVANAN. DURAI . K,DMK,73220,2487,207310,36.518740051131154
158,Chidambaram,THAMIMUN ANSARI. M,DMK,69739,,GEN,Central,PANDIAN. K.A,AIADMK,63992,5747,196586,35.47505926159543
159,Kattumannarkoil,L.E. JOTHIMANI,VCK,85179,,SC,Central,A. SOZHAN,PMK,52116,33063,187905,45.3308852877784
160,Sirkazhi,SENTHILSELVAN.R,DMK,71449,,SC,Delta,SAKTHI.M,AIADMK,60032,11417,200448,35.6446559706258
161,Mayiladuthurai,JAMAL MOHAMED YOUNOOS. Y.N,INC,68011,,GEN,Delta,PALANISAMY. A   M.COM.,PMK,57166,10845,188461,36.087572495105086
162,Poompuhar,NIVEDHA M MURUGAN,DMK,81096,,GEN,Delta,PAVUNRAJ. S,AIADMK,72836,8260,219324,36.97543360507742
163,Nagapattinam,M.H.JAWAHIRULLAH,DMK,56305,,GEN,Delta,M.SUGUMAR,TVK,46524,9781,151326,37.207750155293866
164,Kilvelur,LATHA. T,CPI(M),56108,,SC,Delta,SENTHIL PANDIAN. P,TVK,53830,2278,151637,37.0015233749019
165,Vedaranyam,MANIAN. O.S,AIADMK,59172,,GEN,Delta,PUGAZHENDI. M,DMK,51841,7331,162216,36.477289539872764
166,Thiruthuraipoondi,MARIMUTHU.K,CPI,74062,,SC,Delta,PANDIYAN.S,TVK,61140,12922,191030,38.76982672878606
167,Mannargudi,KAMARAJ. S,AMMK,68416,,GEN,Delta,RAJAA.T.R.B,DMK,66850,1566,194100,35.247810407006696
168,Thiruvarur,KALAIVANAN POONDI  K,DMK,93408,,GEN,Delta,VEERAMANI V,TVK,75260,18148,217875,42.87228915662651
169,Nannilam,KAMARAJ. R,AIADMK,103462,,GEN,Delta,MOHAMED MUBARAK,DMK,61738,41724,231444,44.70282228098374
170,Thiruvidaimarudur,GOVI.CHEZHIAAN,DMK,79951,,SC,Delta,S.PRABAKARAN,TVK,65835,14116,208944,38.264319626311355
171,Kumbakonam,VINOTH,TVK,78650,,GEN,Delta,ANBALAGAN G,DMK,77971,679,208288,37.7602166231372
172,Papanasam,A.M. SHAHJAHAN,IUML,69284,,GEN,Delta,AZARUDEEN UDUMAN ALI,TVK,68219,1065,207723,33.354033977941775
173,Thiruvaiyaru,DURAI. CHANDRASEKARAN,DMK,80425,,GEN,Delta,MATHI. MANIKANDAN,TVK,71870,8555,222111,36.20937279108193
174,Thanjavur,R. VIJAYSARAVANAN,TVK,87705,,GEN,Delta,SHAN. RAMANATHAN,DMK,70750,16955,198798,44.11764705882353
175,Orathanadu,R. VAITHILINGAM,DMK,86759,,GEN,Delta,DR. K. ARVIND,TVK,51731,35028,195304,44.42254126899602
176,Pattukkottai,ANNADURAI K,DMK,65963,,GEN,Delta,MATHAN C,TVK,52209,13754,183745,35.89920814171814
177,Peravurani,ASHOKKUMAR. N,DMK,60919,,GEN,Delta,GOVI.ELANGO,AIADMK,57757,3162,176274,34.55926568864381
178,Gandharvakottai,N. SUBRAMANIAN,TVK,58795,,SC,Delta,C. UTHAYAKUMAR,BJP,47756,11039,167618,35.076781729885816
179,Viralimalai,VIJAYABASKAR. C,AIADMK,105773,,GEN,Delta,MURUGESAN. P,TVK,43700,62073,203921,51.86959655945195
180,Pudukkottai,V. MUTHURAJA,DMK,66825,,GEN,Delta,K.M. SHARIFF,TVK,64958,1867,190378,35.10121967874439
181,Thirumayam,REGUPATHY.S,DMK,58201,,GEN,Delta,CHINTHAMANI.C,TVK,56709,1492,182612,31.87139946991435
182,Alangudi,SIVA.V.MEYYANATHAN,DMK,64929,,GEN,Delta,KANDASAMY,TVK,51952,12977,180483,35.97513339206463
183,Aranthangi,MOHAMED FARVAS. J,TVK,73244,,GEN,Delta,RAMACHANDRAN . T,INC,63182,10062,182730,40.083182838067096
184,Karaikudi,DR.PRABHU. TK,TVK,101358,,GEN,South,MANGUDI. S,INC,55284,46074,229267,44.209589692367416
185,Tiruppattur,SEENIVASA SETHUPATHY. R,TVK,83375,,GEN,South,PERIAKARUPPAN. KR,DMK,83374,1,215710,38.65143016086412
186,Sivaganga,KULANTHAI RANI A,TVK,73737,,GEN,South,SENTHILNATHAN PR,AIADMK,58656,15081,214067,34.44575763662778
187,Manamadurai,ELANGOVAN.D,TVK,69971,,SC,South,TAMILARASI.A,DMK,68763,1208,208643,33.53623174513403
188,Melur,P.VISWANATHAN,INC,60080,,GEN,South,A.MADURAIVEERAN,TVK,57356,2724,190726,31.50068684919728
189,Madurai East,KARTHIKEYAN S,TVK,118777,,GEN,South,MOORTHY P,DMK,102230,16547,271566,43.73780222855586
190,Sholavandan,KARUPPAIAH.M.V,TVK,63907,,SC,South,VENKATESAN.A,DMK,61229,2678,189080,33.798921091601436
191,Madurai North,A.KALLANAI,TVK,72853,,GEN,South,G.THALAPATHI,DMK,54815,18038,161801,45.026297736107935
192,Madurai South,M.M.GOPISON,TVK,62415,,GEN,South,M.BOOMINATHAN,DMK,40886,21529,141503,44.10860547126209
193,Madurai Central,MADHAR BADHURUDEEN,TVK,63414,,GEN,South,PALANIVEL THIAGA RAJAN,DMK,44286,19128,148586,42.67831424225701
194,Madurai West,THANGAPANDI SR,TVK,88250,,GEN,South,BALAJI R,DMK,76319,11931,216403,40.780395835547566
195,Thiruparankundram,NIRMALKUMAR. R.,TVK,114316,,GEN,South,KIRUTHIGA THANGAPANDI,DMK,72763,41553,255466,44.74802909193396
196,Thirumangalam,MANIMARAN.M,DMK,88291,,GEN,South,UDHAYAKUMAR.R.B,AIADMK,64484,23807,230980,38.22452160360204
197,Usilampatti,VIJAY. M,TVK,65743,,GEN,South,MAHENDRAN. I,AIADMK,63938,1805,224048,29.343265728772405
198,Andipatti,MAHARAJAN.A,DMK,74324,,GEN,South,PANDI.V,TVK,64770,9554,217329,34.19884138794178
199,Periyakulam,SABARI IYNGARAN G.,TVK,85656,,SC,South,SAKTHIVEL P.,VCK,66335,19321,211209,40.555089981961
200,Bodinayakanur,PANNEERSELVAM.O,DMK,85206,,GEN,South,PRAKASH.S,TVK,78401,6805,220628,38.619758144931744
201,Cumbum,JEGANATHMISHRA PLA,TVK,85394,,GEN,South,ERAMAKRISHNAN N,DMK,84643,751,210574,40.55296475348334
202,Rajapalayam,JEGADESHWARI. K,TVK,65548,,GEN,South,THANGAPANDIAN. S,DMK,54943,10605,183020,35.81466506392744
203,Srivilliputhur,KARTHIK.A,TVK,65653,,SC,South,MAHALINGAM.P,CPI,57072,8581,193471,33.934284724842485
204,Sattur,KADARKARAIRAJ. A,DMK,62060,,GEN,South,NAINAR NAGENTHRAN,BJP,56071,5989,198734,31.22767115843288
205,Sivakasi,KEERTHANA S,TVK,68709,,GEN,South,ASHOKAN G,INC,57039,11670,193517,35.50540779363053
206,Virudhunagar,SELVAM P,TVK,63653,,GEN,South,VIJAYAPRABHAKAR,DMDK,54262,9391,167832,37.92661709328376
207,Aruppukkottai,RAMACHANDRAN. K.K.S.S.R,DMK,65104,,GEN,South,KARTHIK KUMAR. K,TVK,60161,4943,178413,36.49061447316059
208,Tiruchuli,THANGAM THENARASU,DMK,75085,,GEN,South,SAMAYAN.S,TVK,61600,13485,181250,41.426206896551726
209,Paramakudi,ADVOCATE. KATHIRAVAN. K.K,DMK,59161,,SC,South,GOPIRAJAN. G,TVK,55613,3548,189753,31.177899690650477
210,Tiruvadanai,RAJEEV,TVK,69551,,GEN,South,RM. KARUMANICKAM,INC,67038,2513,220278,31.574192611154995
211,Ramanathapuram,KATHARBATCHA MUTHURAMALINGAM,DMK,89137,,GEN,South,SHAHUL HAMEED,TVK,76678,12459,237576,37.51936222514058
212,Mudhukulathur,R.S.RAJAKANNAPPAN,DMK,68003,,GEN,South,MALARVIZHI. B,TVK,51405,16598,231373,29.391069830965584
213,Vilathikulam,MARKANDAYAN G V,DMK,58395,,GEN,South,P. KASIRAM,TVK,50167,8228,174814,33.40407518848605
214,Thoothukkudi,SRINATH,TVK,100536,,GEN,South,P. GEETHA JEEVAN,DMK,62805,37731,204712,49.110946109656496
215,Tiruchendur,ANITHA R. RADHAKRISHNAN,DMK,72723,,GEN,South,J. MURUGAN,TVK,66851,5872,186050,39.08787960225746
216,Srivaikuntam,SARAVANAN. G,TVK,58814,,GEN,South,SHANMUGANATHAN. S. P,AIADMK,57628,1186,176421,33.337301114946634
217,Ottapidaram,P .MATHANRAJA,TVK,81625,,SC,South,P.M.RAMAJEYAM,DMK,52542,29083,196117,41.620563235211634
218,Kovilpatti,KARUNANITHI.K,DMK,61643,,GEN,South,BALASUBRAMANIAN.S,TVK,60800,843,194232,31.736788994604392
219,Sankarankovil,DR. DHILIPAN JAISHANKAR,AIADMK,64865,,SC,South,C. RAMARAJAN,TVK,58376,6489,196480,33.01353827361563
220,Vasudevanallur,E. RAJA,DMK,63045,,SC,South,ANANTHAN AYYASAMY,BJP,56462,6583,189795,33.217418793961905
221,Kadayanallur,RAJENDRAN. T. M,DMK,79832,,GEN,South,C. KRISHNAMURALI,AIADMK,73579,6253,221951,35.968299309307014
222,Tenkasi,DR.KALAI KATHIRAVAN,DMK,79699,,GEN,South,S.SELVA MOHANDAS PANDIAN,AIADMK,69400,10299,234987,33.916344308408554
223,Alangulam,PAUL MANOJ PANDIAN,DMK,69170,,GEN,South,K R P PRABAKARAN,AIADMK,61372,7798,220857,31.318907709513393
224,Tirunelveli,MURUGHAN.R.S.,TVK,75840,,GEN,South,SUBRAMANIAN.S,DMK,64426,11414,218425,34.72130021746595
225,Ambasamudram,DR.ESAKKI SUBAYA,AIADMK,65589,,GEN,South,V.P.DURAI,INC,55344,10245,191195,34.304767384084315
226,Palayamkottai,M.ABDUL WAHAB,DMK,79744,,GEN,South,MARIA JOHN,TVK,65939,13805,180620,44.15014948510685
227,Nanguneri,REDDIARPATTI V. NARAYANAN,TVK,74952,,GEN,South,RUBY.R.MANOHARAN,INC,58533,16419,209419,35.790448813144934
228,Radhapuram,DR.SATHISH CHRISTOPHER,TVK,69947,,GEN,South,APPAVU.M,DMK,57634,12313,199931,34.985570021657466
229,Kanniyakumari,THALAVAI SUNDARAM. N,AIADMK,75045,,GEN,South,MAHESH.R,DMK,74831,214,239150,31.37988710014635
230,Nagercoil,AUSTIN,DMK,69880,,GEN,South,BERVIN KINGS G,TVK,62310,7570,196280,35.602200937436315
231,Colachal,THARAHAI CUTHBERT,INC,66207,,GEN,South,PREM ALEX LAWRENCE,TVK,63374,2833,199013,33.26767598096607
232,Padmanabhapuram,CHELLASWAMY. R,CPI(M),68938,,GEN,South,KRISHNA KUMAR. S,TVK,53369,15569,180555,38.181163634349645
233,Vilavancode,PRAVEEN T.T,INC,70755,,GEN,South,MICHAEL KUMAR K,TVK,49785,20970,174927,40.448301291395836
234,Killiyoor,RAJESH KUMAR. S,INC,66434,,GEN,South,SABIN. S,TVK,65123,1311,177534,37.42043777529938
